<?xml version="1.0" encoding="UTF-8"?>

<!-- generated on 07/31/20 09:41:29 by Eclipse SUMO netedit Version 1.5.0
<configuration xmlns:xsi="http://www.w3.org/2001/XMLSchema-instance" xsi:noNamespaceSchemaLocation="http://sumo.dlr.de/xsd/netconvertConfiguration.xsd">

    <input>
        <sumo-net-file value="C:\Users\marcelodalmeida\code\Test%20I\0_regular-intersection\0_regular-intersection__right_on_red.net.xml"/>
    </input>

    <output>
        <output-file value="C:\Users\marcelodalmeida\code\Test%20I\0_regular-intersection\0_regular-intersection__right_on_red.net.xml"/>
    </output>

    <processing>
        <geometry.min-radius.fix.railways value="false"/>
        <geometry.max-grade.fix value="false"/>
        <offset.disable-normalization value="true"/>
        <lefthand value="false"/>
    </processing>

    <junctions>
        <no-internal-links value="false"/>
        <no-turnarounds value="true"/>
        <junctions.corner-detail value="5"/>
        <junctions.limit-turn-speed value="5.5"/>
        <rectangular-lane-cut value="false"/>
    </junctions>

    <pedestrian>
        <walkingareas value="false"/>
    </pedestrian>

    <report>
        <aggregate-warnings value="5"/>
    </report>

</configuration>
-->

<net version="1.3" junctionCornerDetail="5" limitTurnSpeed="5.50" xmlns:xsi="http://www.w3.org/2001/XMLSchema-instance" xsi:noNamespaceSchemaLocation="http://sumo.dlr.de/xsd/net_file.xsd">

    <location netOffset="0.00,0.00" convBoundary="-300.00,-300.00,300.00,300.00" origBoundary="-10000000000.00,-10000000000.00,10000000000.00,10000000000.00" projParameter="!"/>

    <edge id=":gneJ0_0" function="internal">
        <lane id=":gneJ0_0_0" index="0" speed="6.51" length="4.75" shape="-8.00,13.60 -8.35,11.15 -9.40,9.40 -9.60,9.28"/>
    </edge>
    <edge id=":gneJ0_1" function="internal">
        <lane id=":gneJ0_1_0" index="0" speed="13.89" length="27.20" shape="-4.80,13.60 -4.80,-13.60"/>
    </edge>
    <edge id=":gneJ0_2" function="internal">
        <lane id=":gneJ0_2_0" index="0" speed="10.36" length="13.42" shape="-1.60,13.60 -0.65,6.95 2.20,2.20 3.20,1.60"/>
    </edge>
    <edge id=":gneJ0_12" function="internal">
        <lane id=":gneJ0_12_0" index="0" speed="6.51" length="4.28" shape="-9.60,9.28 -11.15,8.35 -13.60,8.00"/>
    </edge>
    <edge id=":gneJ0_13" function="internal">
        <lane id=":gneJ0_13_0" index="0" speed="10.36" length="11.09" shape="3.20,1.60 6.95,-0.65 13.60,-1.60"/>
    </edge>
    <edge id=":gneJ0_3" function="internal">
        <lane id=":gneJ0_3_0" index="0" speed="6.51" length="4.75" shape="13.60,8.00 11.15,8.35 9.40,9.40 9.28,9.60"/>
    </edge>
    <edge id=":gneJ0_4" function="internal">
        <lane id=":gneJ0_4_0" index="0" speed="13.89" length="27.20" shape="13.60,4.80 -13.60,4.80"/>
    </edge>
    <edge id=":gneJ0_5" function="internal">
        <lane id=":gneJ0_5_0" index="0" speed="10.36" length="13.42" shape="13.60,1.60 6.95,0.65 2.20,-2.20 1.60,-3.20"/>
    </edge>
    <edge id=":gneJ0_14" function="internal">
        <lane id=":gneJ0_14_0" index="0" speed="6.51" length="4.28" shape="9.28,9.60 8.35,11.15 8.00,13.60"/>
    </edge>
    <edge id=":gneJ0_15" function="internal">
        <lane id=":gneJ0_15_0" index="0" speed="10.36" length="11.09" shape="1.60,-3.20 -0.65,-6.95 -1.60,-13.60"/>
    </edge>
    <edge id=":gneJ0_6" function="internal">
        <lane id=":gneJ0_6_0" index="0" speed="6.51" length="4.75" shape="8.00,-13.60 8.35,-11.15 9.40,-9.40 9.60,-9.28"/>
    </edge>
    <edge id=":gneJ0_7" function="internal">
        <lane id=":gneJ0_7_0" index="0" speed="13.89" length="27.20" shape="4.80,-13.60 4.80,13.60"/>
    </edge>
    <edge id=":gneJ0_8" function="internal">
        <lane id=":gneJ0_8_0" index="0" speed="10.36" length="13.42" shape="1.60,-13.60 0.65,-6.95 -2.20,-2.20 -3.20,-1.60"/>
    </edge>
    <edge id=":gneJ0_16" function="internal">
        <lane id=":gneJ0_16_0" index="0" speed="6.51" length="4.28" shape="9.60,-9.28 11.15,-8.35 13.60,-8.00"/>
    </edge>
    <edge id=":gneJ0_17" function="internal">
        <lane id=":gneJ0_17_0" index="0" speed="10.36" length="11.09" shape="-3.20,-1.60 -6.95,0.65 -13.60,1.60"/>
    </edge>
    <edge id=":gneJ0_9" function="internal">
        <lane id=":gneJ0_9_0" index="0" speed="6.51" length="4.75" shape="-13.60,-8.00 -11.15,-8.35 -9.40,-9.40 -9.28,-9.60"/>
    </edge>
    <edge id=":gneJ0_10" function="internal">
        <lane id=":gneJ0_10_0" index="0" speed="13.89" length="27.20" shape="-13.60,-4.80 13.60,-4.80"/>
    </edge>
    <edge id=":gneJ0_11" function="internal">
        <lane id=":gneJ0_11_0" index="0" speed="10.36" length="13.42" shape="-13.60,-1.60 -6.95,-0.65 -2.20,2.20 -1.60,3.20"/>
    </edge>
    <edge id=":gneJ0_18" function="internal">
        <lane id=":gneJ0_18_0" index="0" speed="6.51" length="4.28" shape="-9.28,-9.60 -8.35,-11.15 -8.00,-13.60"/>
    </edge>
    <edge id=":gneJ0_19" function="internal">
        <lane id=":gneJ0_19_0" index="0" speed="10.36" length="11.09" shape="-1.60,3.20 0.65,6.95 1.60,13.60"/>
    </edge>
    <edge id=":gneJ0_c0" function="crossing" crossingEdges="gneE0 -gneE0">
        <lane id=":gneJ0_c0_0" index="0" allow="pedestrian" speed="1.00" length="19.20" width="4.00" shape="9.60,11.60 -9.60,11.60"/>
    </edge>
    <edge id=":gneJ0_c1" function="crossing" crossingEdges="gneE3 -gneE3">
        <lane id=":gneJ0_c1_0" index="0" allow="pedestrian" speed="1.00" length="19.20" width="4.00" shape="11.60,-9.60 11.60,9.60"/>
    </edge>
    <edge id=":gneJ0_c2" function="crossing" crossingEdges="gneE1 -gneE1">
        <lane id=":gneJ0_c2_0" index="0" allow="pedestrian" speed="1.00" length="19.20" width="4.00" shape="-9.60,-11.60 9.60,-11.60"/>
    </edge>
    <edge id=":gneJ0_c3" function="crossing" crossingEdges="gneE2 -gneE2">
        <lane id=":gneJ0_c3_0" index="0" allow="pedestrian" speed="1.00" length="19.20" width="4.00" shape="-11.60,9.60 -11.60,-9.60"/>
    </edge>
    <edge id=":gneJ0_w0" function="walkingarea">
        <lane id=":gneJ0_w0_0" index="0" allow="pedestrian" speed="1.00" length="22.55" width="3.20" shape="-9.60,13.60 -6.40,13.60 -6.40,13.60 -3.20,13.60 -3.20,13.60 0.00,13.60 0.00,13.60 3.20,13.60 3.20,13.60 6.40,13.60 6.40,13.60 9.60,13.60 13.60,9.60 13.60,6.40 13.60,6.40 13.60,3.20 13.60,3.20 13.60,0.00 13.60,-0.00 13.60,-3.20 13.60,-3.20 13.60,-6.40 13.60,-6.40 13.60,-9.60 9.60,-13.60 6.40,-13.60 6.40,-13.60 3.20,-13.60 3.20,-13.60 0.00,-13.60 -0.00,-13.60 -3.20,-13.60 -3.20,-13.60 -6.40,-13.60 -6.40,-13.60 -9.60,-13.60 -13.60,-9.60 -13.60,-6.40 -13.60,-6.40 -13.60,-3.20 -13.60,-3.20 -13.60,0.00 -13.60,0.00 -13.60,3.20 -13.60,3.20 -13.60,6.40 -13.60,6.40 -13.60,9.60 -9.71,12.38 -10.04,11.38 -10.60,10.60 -11.38,10.04 -12.38,9.71"/>
    </edge>
    <edge id=":gneJ0_w1" function="walkingarea">
        <lane id=":gneJ0_w1_0" index="0" allow="pedestrian" speed="1.00" length="2.83" width="4.00" shape="-9.60,9.60 -9.60,13.60 -13.60,9.60 -9.60,9.60"/>
    </edge>
    <edge id=":gneJ0_w2" function="walkingarea">
        <lane id=":gneJ0_w2_0" index="0" allow="pedestrian" speed="1.00" length="2.83" width="4.00" shape="9.60,9.60 13.60,9.60 9.60,13.60 9.60,9.60"/>
    </edge>
    <edge id=":gneJ0_w3" function="walkingarea">
        <lane id=":gneJ0_w3_0" index="0" allow="pedestrian" speed="1.00" length="2.83" width="4.00" shape="9.60,-9.60 9.60,-13.60 13.60,-9.60 9.60,-9.60"/>
    </edge>
    <edge id=":gneJ0_w4" function="walkingarea">
        <lane id=":gneJ0_w4_0" index="0" allow="pedestrian" speed="1.00" length="2.83" width="4.00" shape="-9.60,-9.60 -13.60,-9.60 -9.60,-13.60 -9.60,-9.60"/>
    </edge>
    <edge id=":gneJ1_w0" function="walkingarea">
        <lane id=":gneJ1_w0_0" index="0" allow="pedestrian" speed="1.00" length="16.00" width="3.20" shape="-0.00,300.00 -3.20,300.00 -3.20,300.00 -6.40,300.00 -6.40,300.00 -9.60,300.00 9.60,300.00 6.40,300.00 6.40,300.00 3.20,300.00 3.20,300.00 0.00,300.00"/>
    </edge>
    <edge id=":gneJ2_w0" function="walkingarea">
        <lane id=":gneJ2_w0_0" index="0" allow="pedestrian" speed="1.00" length="16.00" width="3.20" shape="0.00,-300.00 3.20,-300.00 3.20,-300.00 6.40,-300.00 6.40,-300.00 9.60,-300.00 -9.60,-300.00 -6.40,-300.00 -6.40,-300.00 -3.20,-300.00 -3.20,-300.00 0.00,-300.00"/>
    </edge>
    <edge id=":gneJ3_w0" function="walkingarea">
        <lane id=":gneJ3_w0_0" index="0" allow="pedestrian" speed="1.00" length="16.00" width="3.20" shape="-300.00,-0.00 -300.00,-3.20 -300.00,-3.20 -300.00,-6.40 -300.00,-6.40 -300.00,-9.60 -300.00,9.60 -300.00,6.40 -300.00,6.40 -300.00,3.20 -300.00,3.20 -300.00,0.00"/>
    </edge>
    <edge id=":gneJ4_w0" function="walkingarea">
        <lane id=":gneJ4_w0_0" index="0" allow="pedestrian" speed="1.00" length="16.00" width="3.20" shape="300.00,0.00 300.00,3.20 300.00,3.20 300.00,6.40 300.00,6.40 300.00,9.60 300.00,-9.60 300.00,-6.40 300.00,-6.40 300.00,-3.20 300.00,-3.20 300.00,0.00"/>
    </edge>

    <edge id="-gneE0" from="gneJ1" to="gneJ0" priority="-1">
        <lane id="-gneE0_0" index="0" speed="13.89" length="286.40" shape="-8.00,300.00 -8.00,13.60"/>
        <lane id="-gneE0_1" index="1" speed="13.89" length="286.40" shape="-4.80,300.00 -4.80,13.60"/>
        <lane id="-gneE0_2" index="2" speed="13.89" length="286.40" shape="-1.60,300.00 -1.60,13.60"/>
    </edge>
    <edge id="-gneE1" from="gneJ2" to="gneJ0" priority="-1">
        <lane id="-gneE1_0" index="0" speed="13.89" length="286.40" shape="8.00,-300.00 8.00,-13.60"/>
        <lane id="-gneE1_1" index="1" speed="13.89" length="286.40" shape="4.80,-300.00 4.80,-13.60"/>
        <lane id="-gneE1_2" index="2" speed="13.89" length="286.40" shape="1.60,-300.00 1.60,-13.60"/>
    </edge>
    <edge id="-gneE2" from="gneJ3" to="gneJ0" priority="-1">
        <lane id="-gneE2_0" index="0" speed="13.89" length="286.40" shape="-300.00,-8.00 -13.60,-8.00"/>
        <lane id="-gneE2_1" index="1" speed="13.89" length="286.40" shape="-300.00,-4.80 -13.60,-4.80"/>
        <lane id="-gneE2_2" index="2" speed="13.89" length="286.40" shape="-300.00,-1.60 -13.60,-1.60"/>
    </edge>
    <edge id="-gneE3" from="gneJ4" to="gneJ0" priority="-1">
        <lane id="-gneE3_0" index="0" speed="13.89" length="286.40" shape="300.00,8.00 13.60,8.00"/>
        <lane id="-gneE3_1" index="1" speed="13.89" length="286.40" shape="300.00,4.80 13.60,4.80"/>
        <lane id="-gneE3_2" index="2" speed="13.89" length="286.40" shape="300.00,1.60 13.60,1.60"/>
    </edge>
    <edge id="gneE0" from="gneJ0" to="gneJ1" priority="-1">
        <lane id="gneE0_0" index="0" speed="13.89" length="286.40" shape="8.00,13.60 8.00,300.00"/>
        <lane id="gneE0_1" index="1" speed="13.89" length="286.40" shape="4.80,13.60 4.80,300.00"/>
        <lane id="gneE0_2" index="2" speed="13.89" length="286.40" shape="1.60,13.60 1.60,300.00"/>
    </edge>
    <edge id="gneE1" from="gneJ0" to="gneJ2" priority="-1">
        <lane id="gneE1_0" index="0" speed="13.89" length="286.40" shape="-8.00,-13.60 -8.00,-300.00"/>
        <lane id="gneE1_1" index="1" speed="13.89" length="286.40" shape="-4.80,-13.60 -4.80,-300.00"/>
        <lane id="gneE1_2" index="2" speed="13.89" length="286.40" shape="-1.60,-13.60 -1.60,-300.00"/>
    </edge>
    <edge id="gneE2" from="gneJ0" to="gneJ3" priority="-1">
        <lane id="gneE2_0" index="0" speed="13.89" length="286.40" shape="-13.60,8.00 -300.00,8.00"/>
        <lane id="gneE2_1" index="1" speed="13.89" length="286.40" shape="-13.60,4.80 -300.00,4.80"/>
        <lane id="gneE2_2" index="2" speed="13.89" length="286.40" shape="-13.60,1.60 -300.00,1.60"/>
    </edge>
    <edge id="gneE3" from="gneJ0" to="gneJ4" priority="-1">
        <lane id="gneE3_0" index="0" speed="13.89" length="286.40" shape="13.60,-8.00 300.00,-8.00"/>
        <lane id="gneE3_1" index="1" speed="13.89" length="286.40" shape="13.60,-4.80 300.00,-4.80"/>
        <lane id="gneE3_2" index="2" speed="13.89" length="286.40" shape="13.60,-1.60 300.00,-1.60"/>
    </edge>

    <tlLogic id="gneJ0" type="static" programID="0" offset="0">
        <phase duration="28" state="gGgsrrgGgsrrrGrG"/>
        <phase duration="5"  state="gGgsrrgGgsrrrrrr"/>
        <phase duration="3"  state="yygsrryygsrrrrrr"/>
        <phase duration="6"  state="srGsrrsrGsrrrrrr"/>
        <phase duration="3"  state="srysrrsrysrrrrrr"/>
        <phase duration="28" state="srrgGgsrrgGgGrGr"/>
        <phase duration="5"  state="srrgGgsrrgGgrrrr"/>
        <phase duration="3"  state="srryygsrryygrrrr"/>
        <phase duration="6"  state="srrsrGsrrsrGrrrr"/>
        <phase duration="3"  state="srrsrysrrsryrrrr"/>
    </tlLogic>

    <junction id="gneJ0" type="traffic_light_right_on_red" x="0.00" y="0.00" incLanes="-gneE0_0 -gneE0_1 -gneE0_2 -gneE3_0 -gneE3_1 -gneE3_2 -gneE1_0 -gneE1_1 -gneE1_2 -gneE2_0 -gneE2_1 -gneE2_2 :gneJ0_w2_0 :gneJ0_w3_0 :gneJ0_w4_0 :gneJ0_w1_0" intLanes=":gneJ0_12_0 :gneJ0_1_0 :gneJ0_13_0 :gneJ0_14_0 :gneJ0_4_0 :gneJ0_15_0 :gneJ0_16_0 :gneJ0_7_0 :gneJ0_17_0 :gneJ0_18_0 :gneJ0_10_0 :gneJ0_19_0 :gneJ0_c0_0 :gneJ0_c1_0 :gneJ0_c2_0 :gneJ0_c3_0" shape="-9.60,13.60 9.60,13.60 10.04,11.38 10.60,10.60 11.38,10.04 12.38,9.71 13.60,9.60 13.60,-9.60 11.38,-10.04 10.60,-10.60 10.04,-11.38 9.71,-12.38 9.60,-13.60 -9.60,-13.60 -10.04,-11.38 -10.60,-10.60 -11.38,-10.04 -12.38,-9.71 -13.60,-9.60 -13.60,9.60 -11.38,10.04 -10.60,10.60 -10.04,11.38 -9.71,12.38">
        <request index="0"  response="1000000000000000" foes="1001000000000000" cont="1"/>
        <request index="1"  response="0000100000000000" foes="0101110100010000" cont="0"/>
        <request index="2"  response="0010100010100000" foes="0011100010110000" cont="1"/>
        <request index="3"  response="0001000000000000" foes="0011000000000000" cont="1"/>
        <request index="4"  response="0000000010000110" foes="1010100010000110" cont="0"/>
        <request index="5"  response="0100010110000100" foes="0110010110000100" cont="1"/>
        <request index="6"  response="0010000000000000" foes="0110000000000000" cont="1"/>
        <request index="7"  response="0000000000100000" foes="0101010000110100" cont="0"/>
        <request index="8"  response="1000100000100010" foes="1100110000100010" cont="1"/>
        <request index="9"  response="0100000000000000" foes="1100000000000000" cont="1"/>
        <request index="10" response="0000000110000010" foes="1010000110100010" cont="0"/>
        <request index="11" response="0001000100010110" foes="1001000100010110" cont="1"/>
        <request index="12" response="0000000010000111" foes="0000100010001111" cont="0"/>
        <request index="13" response="0000010000111000" foes="0000010001111100" cont="0"/>
        <request index="14" response="0000000111000010" foes="0000001111100010" cont="0"/>
        <request index="15" response="0000111000010000" foes="0000111100010001" cont="0"/>
    </junction>
    <junction id="gneJ1" type="dead_end" x="0.00" y="300.00" incLanes="gneE0_0 gneE0_1 gneE0_2" intLanes="" shape="0.00,300.00 9.60,300.00 0.00,300.00"/>
    <junction id="gneJ2" type="dead_end" x="0.00" y="-300.00" incLanes="gneE1_0 gneE1_1 gneE1_2" intLanes="" shape="0.00,-300.00 -9.60,-300.00 0.00,-300.00"/>
    <junction id="gneJ3" type="dead_end" x="-300.00" y="0.00" incLanes="gneE2_0 gneE2_1 gneE2_2" intLanes="" shape="-300.00,0.00 -300.00,9.60 -300.00,0.00"/>
    <junction id="gneJ4" type="dead_end" x="300.00" y="0.00" incLanes="gneE3_0 gneE3_1 gneE3_2" intLanes="" shape="300.00,0.00 300.00,-9.60 300.00,0.00"/>

    <junction id=":gneJ0_12_0" type="internal" x="-9.60" y="9.28" incLanes=":gneJ0_0_0" intLanes=":gneJ0_c0_0 :gneJ0_c3_0"/>
    <junction id=":gneJ0_13_0" type="internal" x="3.20" y="1.60" incLanes=":gneJ0_2_0 -gneE1_1" intLanes=":gneJ0_4_0 :gneJ0_5_0 :gneJ0_7_0 :gneJ0_11_0 :gneJ0_c0_0 :gneJ0_c1_0"/>
    <junction id=":gneJ0_14_0" type="internal" x="9.28" y="9.60" incLanes=":gneJ0_3_0" intLanes=":gneJ0_c0_0 :gneJ0_c1_0"/>
    <junction id=":gneJ0_15_0" type="internal" x="1.60" y="-3.20" incLanes=":gneJ0_5_0 -gneE2_1" intLanes=":gneJ0_2_0 :gneJ0_7_0 :gneJ0_8_0 :gneJ0_10_0 :gneJ0_c1_0 :gneJ0_c2_0"/>
    <junction id=":gneJ0_16_0" type="internal" x="9.60" y="-9.28" incLanes=":gneJ0_6_0" intLanes=":gneJ0_c1_0 :gneJ0_c2_0"/>
    <junction id=":gneJ0_17_0" type="internal" x="-3.20" y="-1.60" incLanes=":gneJ0_8_0 -gneE0_1" intLanes=":gneJ0_1_0 :gneJ0_5_0 :gneJ0_10_0 :gneJ0_11_0 :gneJ0_c2_0 :gneJ0_c3_0"/>
    <junction id=":gneJ0_18_0" type="internal" x="-9.28" y="-9.60" incLanes=":gneJ0_9_0" intLanes=":gneJ0_c2_0 :gneJ0_c3_0"/>
    <junction id=":gneJ0_19_0" type="internal" x="-1.60" y="3.20" incLanes=":gneJ0_11_0 -gneE3_1" intLanes=":gneJ0_1_0 :gneJ0_2_0 :gneJ0_4_0 :gneJ0_8_0 :gneJ0_c0_0 :gneJ0_c3_0"/>

    <connection from="-gneE0" to="gneE2" fromLane="0" toLane="0" via=":gneJ0_0_0" tl="gneJ0" linkIndex="0" dir="r" state="o"/>
    <connection from="-gneE0" to="gneE1" fromLane="1" toLane="1" via=":gneJ0_1_0" tl="gneJ0" linkIndex="1" dir="s" state="O"/>
    <connection from="-gneE0" to="gneE3" fromLane="2" toLane="2" via=":gneJ0_2_0" tl="gneJ0" linkIndex="2" dir="l" state="o"/>
    <connection from="-gneE1" to="gneE3" fromLane="0" toLane="0" via=":gneJ0_6_0" tl="gneJ0" linkIndex="6" dir="r" state="o"/>
    <connection from="-gneE1" to="gneE0" fromLane="1" toLane="1" via=":gneJ0_7_0" tl="gneJ0" linkIndex="7" dir="s" state="O"/>
    <connection from="-gneE1" to="gneE2" fromLane="2" toLane="2" via=":gneJ0_8_0" tl="gneJ0" linkIndex="8" dir="l" state="o"/>
    <connection from="-gneE2" to="gneE1" fromLane="0" toLane="0" via=":gneJ0_9_0" tl="gneJ0" linkIndex="9" dir="r" state="o"/>
    <connection from="-gneE2" to="gneE3" fromLane="1" toLane="1" via=":gneJ0_10_0" tl="gneJ0" linkIndex="10" dir="s" state="o"/>
    <connection from="-gneE2" to="gneE0" fromLane="2" toLane="2" via=":gneJ0_11_0" tl="gneJ0" linkIndex="11" dir="l" state="o"/>
    <connection from="-gneE3" to="gneE0" fromLane="0" toLane="0" via=":gneJ0_3_0" tl="gneJ0" linkIndex="3" dir="r" state="o"/>
    <connection from="-gneE3" to="gneE2" fromLane="1" toLane="1" via=":gneJ0_4_0" tl="gneJ0" linkIndex="4" dir="s" state="o"/>
    <connection from="-gneE3" to="gneE1" fromLane="2" toLane="2" via=":gneJ0_5_0" tl="gneJ0" linkIndex="5" dir="l" state="o"/>

    <connection from=":gneJ0_0" to="gneE2" fromLane="0" toLane="0" via=":gneJ0_12_0" dir="r" state="m"/>
    <connection from=":gneJ0_12" to="gneE2" fromLane="0" toLane="0" dir="r" state="M"/>
    <connection from=":gneJ0_1" to="gneE1" fromLane="0" toLane="1" dir="s" state="M"/>
    <connection from=":gneJ0_2" to="gneE3" fromLane="0" toLane="2" via=":gneJ0_13_0" dir="l" state="m"/>
    <connection from=":gneJ0_13" to="gneE3" fromLane="0" toLane="2" dir="l" state="M"/>
    <connection from=":gneJ0_3" to="gneE0" fromLane="0" toLane="0" via=":gneJ0_14_0" dir="r" state="m"/>
    <connection from=":gneJ0_14" to="gneE0" fromLane="0" toLane="0" dir="r" state="M"/>
    <connection from=":gneJ0_4" to="gneE2" fromLane="0" toLane="1" dir="s" state="M"/>
    <connection from=":gneJ0_5" to="gneE1" fromLane="0" toLane="2" via=":gneJ0_15_0" dir="l" state="m"/>
    <connection from=":gneJ0_15" to="gneE1" fromLane="0" toLane="2" dir="l" state="M"/>
    <connection from=":gneJ0_6" to="gneE3" fromLane="0" toLane="0" via=":gneJ0_16_0" dir="r" state="m"/>
    <connection from=":gneJ0_16" to="gneE3" fromLane="0" toLane="0" dir="r" state="M"/>
    <connection from=":gneJ0_7" to="gneE0" fromLane="0" toLane="1" dir="s" state="M"/>
    <connection from=":gneJ0_8" to="gneE2" fromLane="0" toLane="2" via=":gneJ0_17_0" dir="l" state="m"/>
    <connection from=":gneJ0_17" to="gneE2" fromLane="0" toLane="2" dir="l" state="M"/>
    <connection from=":gneJ0_9" to="gneE1" fromLane="0" toLane="0" via=":gneJ0_18_0" dir="r" state="m"/>
    <connection from=":gneJ0_18" to="gneE1" fromLane="0" toLane="0" dir="r" state="M"/>
    <connection from=":gneJ0_10" to="gneE3" fromLane="0" toLane="1" dir="s" state="M"/>
    <connection from=":gneJ0_11" to="gneE0" fromLane="0" toLane="2" via=":gneJ0_19_0" dir="l" state="m"/>
    <connection from=":gneJ0_19" to="gneE0" fromLane="0" toLane="2" dir="l" state="M"/>

    <connection from=":gneJ0_c0" to=":gneJ0_w1" fromLane="0" toLane="0" dir="s" state="M"/>
    <connection from=":gneJ0_c1" to=":gneJ0_w2" fromLane="0" toLane="0" dir="s" state="M"/>
    <connection from=":gneJ0_c2" to=":gneJ0_w3" fromLane="0" toLane="0" dir="s" state="M"/>
    <connection from=":gneJ0_c3" to=":gneJ0_w4" fromLane="0" toLane="0" dir="s" state="M"/>
    <connection from=":gneJ0_w0" to="gneE0" fromLane="0" toLane="0" dir="s" state="M"/>
    <connection from=":gneJ0_w0" to="gneE3" fromLane="0" toLane="0" dir="s" state="M"/>
    <connection from=":gneJ0_w0" to="gneE1" fromLane="0" toLane="0" dir="s" state="M"/>
    <connection from=":gneJ0_w0" to="gneE2" fromLane="0" toLane="0" dir="s" state="M"/>
    <connection from="-gneE0" to=":gneJ0_w0" fromLane="0" toLane="0" dir="s" state="M"/>
    <connection from="-gneE3" to=":gneJ0_w0" fromLane="0" toLane="0" dir="s" state="M"/>
    <connection from="-gneE1" to=":gneJ0_w0" fromLane="0" toLane="0" dir="s" state="M"/>
    <connection from="-gneE2" to=":gneJ0_w0" fromLane="0" toLane="0" dir="s" state="M"/>
    <connection from=":gneJ0_w1" to=":gneJ0_c3" fromLane="0" toLane="0" tl="gneJ0" linkIndex="15" dir="s" state="m"/>
    <connection from=":gneJ0_w2" to=":gneJ0_c0" fromLane="0" toLane="0" tl="gneJ0" linkIndex="12" dir="s" state="m"/>
    <connection from=":gneJ0_w3" to=":gneJ0_c1" fromLane="0" toLane="0" tl="gneJ0" linkIndex="13" dir="s" state="m"/>
    <connection from=":gneJ0_w4" to=":gneJ0_c2" fromLane="0" toLane="0" tl="gneJ0" linkIndex="14" dir="s" state="m"/>
    <connection from=":gneJ1_w0" to="-gneE0" fromLane="0" toLane="0" dir="s" state="M"/>
    <connection from="gneE0" to=":gneJ1_w0" fromLane="0" toLane="0" dir="s" state="M"/>
    <connection from=":gneJ2_w0" to="-gneE1" fromLane="0" toLane="0" dir="s" state="M"/>
    <connection from="gneE1" to=":gneJ2_w0" fromLane="0" toLane="0" dir="s" state="M"/>
    <connection from=":gneJ3_w0" to="-gneE2" fromLane="0" toLane="0" dir="s" state="M"/>
    <connection from="gneE2" to=":gneJ3_w0" fromLane="0" toLane="0" dir="s" state="M"/>
    <connection from=":gneJ4_w0" to="-gneE3" fromLane="0" toLane="0" dir="s" state="M"/>
    <connection from="gneE3" to=":gneJ4_w0" fromLane="0" toLane="0" dir="s" state="M"/>
</net>
