<routes>
  <flow id="-gneE0__gneE2__light" from="-gneE0" to="gneE2" begin="0" end="10000" probability="0.09" departLane="best" departSpeed="max"/>
  <flow id="-gneE0__gneE1__light" from="-gneE0" to="gneE1" begin="0" end="10000" probability="0.18" departLane="best" departSpeed="max"/>
  <flow id="-gneE0__gneE3__light" from="-gneE0" to="gneE3" begin="0" end="10000" probability="0.03" departLane="best" departSpeed="max"/>
  <flow id="-gneE1__gneE3__light" from="-gneE1" to="gneE3" begin="0" end="10000" probability="0.09" departLane="best" departSpeed="max"/>
  <flow id="-gneE1__gneE0__light" from="-gneE1" to="gneE0" begin="0" end="10000" probability="0.18" departLane="best" departSpeed="max"/>
  <flow id="-gneE1__gneE2__light" from="-gneE1" to="gneE2" begin="0" end="10000" probability="0.03" departLane="best" departSpeed="max"/>
  <flow id="-gneE2__gneE1__light" from="-gneE2" to="gneE1" begin="0" end="10000" probability="0.09" departLane="best" departSpeed="max"/>
  <flow id="-gneE2__gneE3__light" from="-gneE2" to="gneE3" begin="0" end="10000" probability="0.18" departLane="best" departSpeed="max"/>
  <flow id="-gneE2__gneE0__light" from="-gneE2" to="gneE0" begin="0" end="10000" probability="0.03" departLane="best" departSpeed="max"/>
  <flow id="-gneE3__gneE0__light" from="-gneE3" to="gneE0" begin="0" end="10000" probability="0.09" departLane="best" departSpeed="max"/>
  <flow id="-gneE3__gneE2__light" from="-gneE3" to="gneE2" begin="0" end="10000" probability="0.18" departLane="best" departSpeed="max"/>
  <flow id="-gneE3__gneE1__light" from="-gneE3" to="gneE1" begin="0" end="10000" probability="0.03" departLane="best" departSpeed="max"/>
</routes>
